[
  {
    "id": 1,
    "nombre": "sofa de prueba",
    "proUuId": "52da0141-e104-4885-8dd1-0c4ffefb01bf",
    "descripcion": "descripcion de prueba",
    "precio": 150.5,
    "imagenUrl": "https://raw.githubusercontent.com/felipeAlmEspa/luxeApi/main/assets/52da0141-e104-4885-8dd1-0c4ffefb01bf.jpg",
    "imagenUrlLocal": "file:///data/user/0/com.applicationsec.primeapp/files/assets/52da0141-e104-4885-8dd1-0c4ffefb01bf.jpg",
    "categoria": "SALA",
    "stock": 1,
    "marca": "",
    "modelo": "",
    "tamano": "",
    "peso": 0,
    "alto": 5,
    "ancho": 10,
    "largo": 10,
    "activo": 1,
    "descuento": 0,
    "favorito": 0,
    "carrito": 0,
    "color1": "PLOMO",
    "color2": "ROJO",
    "color3": "VERDE",
    "sincronizado": 1
  },
  {
    "id": 2,
    "nombre": "sofa de prueba",
    "proUuId": "59c3a0a2-6006-47da-a24b-d99edb6eb22c",
    "descripcion": "descripcion de prueba 2",
    "precio": 110.5,
    "imagenUrl": "https://raw.githubusercontent.com/felipeAlmEspa/luxeApi/main/assets/59c3a0a2-6006-47da-a24b-d99edb6eb22c.jpg",
    "imagenUrlLocal": "file:///data/user/0/com.applicationsec.primeapp/files/assets/59c3a0a2-6006-47da-a24b-d99edb6eb22c.jpg",
    "categoria": "SALA",
    "stock": 2,
    "marca": "",
    "modelo": "",
    "tamano": "",
    "peso": 0,
    "alto": 5,
    "ancho": 10,
    "largo": 10,
    "activo": 1,
    "descuento": 0,
    "favorito": 0,
    "carrito": 0,
    "color1": "PLOMO",
    "color2": "ROJO",
    "color3": "NEGRO",
    "sincronizado": 1
  },
  {
    "id": 3,
    "nombre": "sofa de prueba actualizado",
    "proUuId": "883fbfb8-67bc-4b90-a4de-35819f8d6643",
    "descripcion": "descripcion de prueba 2",
    "precio": 90,
    "imagenUrl": "https://raw.githubusercontent.com/felipeAlmEspa/luxeApi/main/assets/883fbfb8-67bc-4b90-a4de-35819f8d6643.jpg",
    "imagenUrlLocal": "file:///data/user/0/com.applicationsec.primeapp/files/assets/883fbfb8-67bc-4b90-a4de-35819f8d6643.jpg",
    "categoria": "HABITACIÓN",
    "stock": 2,
    "marca": "",
    "modelo": "",
    "tamano": "",
    "peso": 0,
    "alto": 5,
    "ancho": 10,
    "largo": 10,
    "activo": 1,
    "descuento": 0,
    "favorito": 0,
    "carrito": 0,
    "color1": "PLOMO",
    "color2": "ROJO",
    "color3": "NEGRO",
    "sincronizado": 0
  }
]